-- ============================================================
-- 티켓매니아 시드 데이터
-- 카테고리 6개 + 상품 36개 + 관리자 1명 + 테스트 핀 15개
-- ============================================================

-- ============================================================
-- 관리자 계정
-- username: admin / password: admin1234 (bcrypt hash, salt rounds: 12)
-- ============================================================
INSERT INTO admin_users (id, username, password_hash, name) VALUES
  ('a0000000-0000-0000-0000-000000000001', 'admin', '$2b$12$LJ3m4ys3GZvNAozCWJKQY.oFz7nDqe6gHuMkG6X8kzQdXg8B8x3hO', '관리자');

-- ============================================================
-- 카테고리 (6개)
-- ============================================================
INSERT INTO categories (id, name, slug, icon, is_visible, sort_order) VALUES
  ('c0000000-0000-0000-0000-000000000001', '컬쳐랜드 상품권', 'cultureland', 'Gift', true, 1),
  ('c0000000-0000-0000-0000-000000000002', '구글 기프트카드', 'google-giftcard', 'Globe', true, 2),
  ('c0000000-0000-0000-0000-000000000003', '넥슨 카드', 'nexon-card', 'Gamepad2', true, 3),
  ('c0000000-0000-0000-0000-000000000004', '도서 상품권', 'book-voucher', 'BookOpen', true, 4),
  ('c0000000-0000-0000-0000-000000000005', '롯데 상품권', 'lotte-voucher', 'ShoppingBag', true, 5),
  ('c0000000-0000-0000-0000-000000000006', '신세계 상품권', 'shinsegae-voucher', 'ShoppingCart', true, 6);

-- ============================================================
-- 상품 (36개 + 품절 1개)
-- ============================================================

-- 컬쳐랜드 상품권
INSERT INTO products (id, category_id, name, price, fee_rate, fee_unit, image_url, description, status, total_sales) VALUES
  ('b0000000-0000-0000-0000-000000000001', 'c0000000-0000-0000-0000-000000000001', '컬쳐랜드 상품권 1만원권', 10000, 500, 'fixed', 'https://placehold.co/400x400/1a4fbd/ffffff?text=CultureLand', '컬쳐랜드 가맹점 전국 어디서나 사용 가능한 상품권입니다.\n온라인 서점·게임·영화·음악 등 문화 콘텐츠 결제 가능', 'active', 3241),
  ('b0000000-0000-0000-0000-000000000002', 'c0000000-0000-0000-0000-000000000001', '컬쳐랜드 상품권 3만원권', 30000, 1200, 'fixed', 'https://placehold.co/400x400/1a4fbd/ffffff?text=CultureLand', '컬쳐랜드 가맹점 전국 어디서나 사용 가능한 상품권입니다.\n온라인 서점·게임·영화·음악 등 문화 콘텐츠 결제 가능', 'active', 2187),
  ('b0000000-0000-0000-0000-000000000003', 'c0000000-0000-0000-0000-000000000001', '컬쳐랜드 상품권 5만원권', 50000, 1800, 'fixed', 'https://placehold.co/400x400/1a4fbd/ffffff?text=CultureLand', '컬쳐랜드 가맹점 전국 어디서나 사용 가능한 상품권입니다.\n온라인 서점·게임·영화·음악 등 문화 콘텐츠 결제 가능', 'active', 1543),
  ('b0000000-0000-0000-0000-000000000019', 'c0000000-0000-0000-0000-000000000001', '컬쳐랜드 상품권 7만원권', 70000, 2500, 'fixed', 'https://placehold.co/400x400/1a4fbd/ffffff?text=CultureLand', '컬쳐랜드 가맹점 전국 어디서나 사용 가능한 상품권입니다.', 'active', 892),
  ('b0000000-0000-0000-0000-000000000020', 'c0000000-0000-0000-0000-000000000001', '컬쳐랜드 상품권 10만원권', 100000, 3000, 'fixed', 'https://placehold.co/400x400/1a4fbd/ffffff?text=CultureLand', '컬쳐랜드 가맹점 전국 어디서나 사용 가능한 상품권입니다.', 'active', 541),
  ('b0000000-0000-0000-0000-000000000031', 'c0000000-0000-0000-0000-000000000001', '컬쳐랜드 상품권 15만원권', 150000, 4000, 'fixed', 'https://placehold.co/400x400/1a4fbd/ffffff?text=CultureLand', '컬쳐랜드 가맹점 전국 어디서나 사용 가능한 상품권입니다.', 'active', 198);

-- 구글 기프트카드
INSERT INTO products (id, category_id, name, price, fee_rate, fee_unit, image_url, description, status, total_sales) VALUES
  ('b0000000-0000-0000-0000-000000000004', 'c0000000-0000-0000-0000-000000000002', '구글 기프트카드 15,000원', 15000, 700, 'fixed', 'https://placehold.co/400x400/4285F4/ffffff?text=Google', 'Google Play 스토어에서 앱·게임·영화·음악 등을 구매할 수 있는 기프트카드입니다.\n※ Google One 구독, YouTube Premium 등에도 사용 가능', 'active', 4102),
  ('b0000000-0000-0000-0000-000000000005', 'c0000000-0000-0000-0000-000000000002', '구글 기프트카드 30,000원', 30000, 1200, 'fixed', 'https://placehold.co/400x400/4285F4/ffffff?text=Google', 'Google Play 스토어에서 앱·게임·영화·음악 등을 구매할 수 있는 기프트카드입니다.\n※ Google One 구독, YouTube Premium 등에도 사용 가능', 'active', 2876),
  ('b0000000-0000-0000-0000-000000000006', 'c0000000-0000-0000-0000-000000000002', '구글 기프트카드 50,000원', 50000, 1800, 'fixed', 'https://placehold.co/400x400/4285F4/ffffff?text=Google', 'Google Play 스토어에서 앱·게임·영화·음악 등을 구매할 수 있는 기프트카드입니다.\n※ Google One 구독, YouTube Premium 등에도 사용 가능', 'active', 1934),
  ('b0000000-0000-0000-0000-000000000021', 'c0000000-0000-0000-0000-000000000002', '구글 기프트카드 10,000원', 10000, 500, 'fixed', 'https://placehold.co/400x400/4285F4/ffffff?text=Google', 'Google Play 스토어에서 앱·게임·영화·음악 등을 구매할 수 있는 기프트카드입니다.', 'active', 3210),
  ('b0000000-0000-0000-0000-000000000022', 'c0000000-0000-0000-0000-000000000002', '구글 기프트카드 100,000원', 100000, 3000, 'fixed', 'https://placehold.co/400x400/4285F4/ffffff?text=Google', 'Google Play 스토어에서 앱·게임·영화·음악 등을 구매할 수 있는 기프트카드입니다.', 'active', 678),
  ('b0000000-0000-0000-0000-000000000032', 'c0000000-0000-0000-0000-000000000002', '구글 기프트카드 200,000원', 200000, 5000, 'fixed', 'https://placehold.co/400x400/4285F4/ffffff?text=Google', 'Google Play 스토어에서 앱·게임·영화·음악 등을 구매할 수 있는 기프트카드입니다.', 'active', 203);

-- 넥슨 카드
INSERT INTO products (id, category_id, name, price, fee_rate, fee_unit, image_url, description, status, total_sales) VALUES
  ('b0000000-0000-0000-0000-000000000007', 'c0000000-0000-0000-0000-000000000003', '넥슨 카드 1만원권', 10000, 500, 'fixed', 'https://placehold.co/400x400/0A0A0A/ffffff?text=NEXON', '넥슨 게임 캐시 충전에 사용 가능한 넥슨 카드입니다.\n메이플스토리·서든어택·던전앤파이터 등 전 게임 사용 가능', 'active', 3658),
  ('b0000000-0000-0000-0000-000000000008', 'c0000000-0000-0000-0000-000000000003', '넥슨 카드 3만원권', 30000, 1200, 'fixed', 'https://placehold.co/400x400/0A0A0A/ffffff?text=NEXON', '넥슨 게임 캐시 충전에 사용 가능한 넥슨 카드입니다.\n메이플스토리·서든어택·던전앤파이터 등 전 게임 사용 가능', 'active', 2214),
  ('b0000000-0000-0000-0000-000000000009', 'c0000000-0000-0000-0000-000000000003', '넥슨 카드 5만원권', 50000, 1800, 'fixed', 'https://placehold.co/400x400/0A0A0A/ffffff?text=NEXON', '넥슨 게임 캐시 충전에 사용 가능한 넥슨 카드입니다.\n메이플스토리·서든어택·던전앤파이터 등 전 게임 사용 가능', 'active', 1472),
  ('b0000000-0000-0000-0000-000000000023', 'c0000000-0000-0000-0000-000000000003', '넥슨 카드 7만원권', 70000, 2500, 'fixed', 'https://placehold.co/400x400/0A0A0A/ffffff?text=NEXON', '넥슨 게임 캐시 충전에 사용 가능한 넥슨 카드입니다.', 'active', 763),
  ('b0000000-0000-0000-0000-000000000024', 'c0000000-0000-0000-0000-000000000003', '넥슨 카드 10만원권', 100000, 3000, 'fixed', 'https://placehold.co/400x400/0A0A0A/ffffff?text=NEXON', '넥슨 게임 캐시 충전에 사용 가능한 넥슨 카드입니다.', 'active', 412),
  ('b0000000-0000-0000-0000-000000000033', 'c0000000-0000-0000-0000-000000000003', '넥슨 카드 15만원권', 150000, 4000, 'fixed', 'https://placehold.co/400x400/0A0A0A/ffffff?text=NEXON', '넥슨 게임 캐시 충전에 사용 가능한 넥슨 카드입니다.', 'active', 176);

-- 도서 상품권
INSERT INTO products (id, category_id, name, price, fee_rate, fee_unit, image_url, description, status, total_sales) VALUES
  ('b0000000-0000-0000-0000-000000000010', 'c0000000-0000-0000-0000-000000000004', '도서문화상품권 1만원권', 10000, 500, 'fixed', 'https://placehold.co/400x400/e5a93a/1a1a1a?text=Book', '교보문고·YES24·알라딘 등 전국 도서 가맹점에서 사용 가능한 상품권입니다.\n도서·음반·DVD·문구 등 구매 가능', 'active', 1876),
  ('b0000000-0000-0000-0000-000000000011', 'c0000000-0000-0000-0000-000000000004', '도서문화상품권 3만원권', 30000, 1200, 'fixed', 'https://placehold.co/400x400/e5a93a/1a1a1a?text=Book', '교보문고·YES24·알라딘 등 전국 도서 가맹점에서 사용 가능한 상품권입니다.\n도서·음반·DVD·문구 등 구매 가능', 'active', 1234),
  ('b0000000-0000-0000-0000-000000000012', 'c0000000-0000-0000-0000-000000000004', '도서문화상품권 5만원권', 50000, 1800, 'fixed', 'https://placehold.co/400x400/e5a93a/1a1a1a?text=Book', '교보문고·YES24·알라딘 등 전국 도서 가맹점에서 사용 가능한 상품권입니다.\n도서·음반·DVD·문구 등 구매 가능', 'active', 821),
  ('b0000000-0000-0000-0000-000000000025', 'c0000000-0000-0000-0000-000000000004', '도서문화상품권 7만원권', 70000, 2500, 'fixed', 'https://placehold.co/400x400/e5a93a/1a1a1a?text=Book', '교보문고·YES24·알라딘 등 전국 도서 가맹점에서 사용 가능한 상품권입니다.', 'active', 534),
  ('b0000000-0000-0000-0000-000000000026', 'c0000000-0000-0000-0000-000000000004', '도서문화상품권 10만원권', 100000, 3000, 'fixed', 'https://placehold.co/400x400/e5a93a/1a1a1a?text=Book', '교보문고·YES24·알라딘 등 전국 도서 가맹점에서 사용 가능한 상품권입니다.', 'active', 289),
  ('b0000000-0000-0000-0000-000000000034', 'c0000000-0000-0000-0000-000000000004', '도서문화상품권 15만원권', 150000, 4000, 'fixed', 'https://placehold.co/400x400/e5a93a/1a1a1a?text=Book', '교보문고·YES24·알라딘 등 전국 도서 가맹점에서 사용 가능한 상품권입니다.', 'active', 142);

-- 롯데 상품권
INSERT INTO products (id, category_id, name, price, fee_rate, fee_unit, image_url, description, status, total_sales) VALUES
  ('b0000000-0000-0000-0000-000000000013', 'c0000000-0000-0000-0000-000000000005', '롯데상품권 1만원권', 10000, 500, 'fixed', 'https://placehold.co/400x400/e6002d/ffffff?text=LOTTE', '롯데백화점·롯데마트·롯데슈퍼 등 롯데 계열 가맹점에서 사용 가능한 상품권입니다.\n※ 상품권 구매·일부 특정 상품 제외', 'active', 1653),
  ('b0000000-0000-0000-0000-000000000027', 'c0000000-0000-0000-0000-000000000005', '롯데상품권 3만원권', 30000, 1200, 'fixed', 'https://placehold.co/400x400/e6002d/ffffff?text=LOTTE', '롯데백화점·롯데마트·롯데슈퍼 등 롯데 계열 가맹점에서 사용 가능한 상품권입니다.', 'active', 876),
  ('b0000000-0000-0000-0000-000000000014', 'c0000000-0000-0000-0000-000000000005', '롯데상품권 5만원권', 50000, 1800, 'fixed', 'https://placehold.co/400x400/e6002d/ffffff?text=LOTTE', '롯데백화점·롯데마트·롯데슈퍼 등 롯데 계열 가맹점에서 사용 가능한 상품권입니다.\n※ 상품권 구매·일부 특정 상품 제외', 'active', 1089),
  ('b0000000-0000-0000-0000-000000000028', 'c0000000-0000-0000-0000-000000000005', '롯데상품권 7만원권', 70000, 2500, 'fixed', 'https://placehold.co/400x400/e6002d/ffffff?text=LOTTE', '롯데백화점·롯데마트·롯데슈퍼 등 롯데 계열 가맹점에서 사용 가능한 상품권입니다.', 'active', 421),
  ('b0000000-0000-0000-0000-000000000015', 'c0000000-0000-0000-0000-000000000005', '롯데상품권 10만원권', 100000, 3000, 'fixed', 'https://placehold.co/400x400/e6002d/ffffff?text=LOTTE', '롯데백화점·롯데마트·롯데슈퍼 등 롯데 계열 가맹점에서 사용 가능한 상품권입니다.\n※ 상품권 구매·일부 특정 상품 제외', 'active', 634),
  ('b0000000-0000-0000-0000-000000000035', 'c0000000-0000-0000-0000-000000000005', '롯데상품권 15만원권', 150000, 4000, 'fixed', 'https://placehold.co/400x400/e6002d/ffffff?text=LOTTE', '롯데백화점·롯데마트·롯데슈퍼 등 롯데 계열 가맹점에서 사용 가능한 상품권입니다.', 'active', 167);

-- 신세계 상품권
INSERT INTO products (id, category_id, name, price, fee_rate, fee_unit, image_url, description, status, total_sales) VALUES
  ('b0000000-0000-0000-0000-000000000016', 'c0000000-0000-0000-0000-000000000006', '신세계상품권 1만원권', 10000, 500, 'fixed', 'https://placehold.co/400x400/1a1a1a/ffffff?text=SHINSEGAE', '신세계백화점·이마트·스타벅스 등 신세계그룹 계열 가맹점에서 사용 가능한 상품권입니다.\n※ 상품권 구매·일부 특정 상품 제외', 'active', 1427),
  ('b0000000-0000-0000-0000-000000000029', 'c0000000-0000-0000-0000-000000000006', '신세계상품권 3만원권', 30000, 1200, 'fixed', 'https://placehold.co/400x400/1a1a1a/ffffff?text=SHINSEGAE', '신세계백화점·이마트·스타벅스 등 신세계그룹 계열 가맹점에서 사용 가능한 상품권입니다.', 'active', 743),
  ('b0000000-0000-0000-0000-000000000017', 'c0000000-0000-0000-0000-000000000006', '신세계상품권 5만원권', 50000, 1800, 'fixed', 'https://placehold.co/400x400/1a1a1a/ffffff?text=SHINSEGAE', '신세계백화점·이마트·스타벅스 등 신세계그룹 계열 가맹점에서 사용 가능한 상품권입니다.\n※ 상품권 구매·일부 특정 상품 제외', 'active', 987),
  ('b0000000-0000-0000-0000-000000000030', 'c0000000-0000-0000-0000-000000000006', '신세계상품권 7만원권', 70000, 2500, 'fixed', 'https://placehold.co/400x400/1a1a1a/ffffff?text=SHINSEGAE', '신세계백화점·이마트·스타벅스 등 신세계그룹 계열 가맹점에서 사용 가능한 상품권입니다.', 'active', 318),
  ('b0000000-0000-0000-0000-000000000018', 'c0000000-0000-0000-0000-000000000006', '신세계상품권 10만원권', 100000, 3000, 'fixed', 'https://placehold.co/400x400/1a1a1a/ffffff?text=SHINSEGAE', '신세계백화점·이마트·스타벅스 등 신세계그룹 계열 가맹점에서 사용 가능한 상품권입니다.\n※ 상품권 구매·일부 특정 상품 제외', 'active', 562),
  ('b0000000-0000-0000-0000-000000000036', 'c0000000-0000-0000-0000-000000000006', '신세계상품권 15만원권', 150000, 4000, 'fixed', 'https://placehold.co/400x400/1a1a1a/ffffff?text=SHINSEGAE', '신세계백화점·이마트·스타벅스 등 신세계그룹 계열 가맹점에서 사용 가능한 상품권입니다.', 'active', 134);

-- 품절 테스트 상품
INSERT INTO products (id, category_id, name, price, fee_rate, fee_unit, image_url, description, status, total_sales) VALUES
  ('b0000000-0000-0000-0000-ffffffffffff', 'c0000000-0000-0000-0000-000000000001', '컬쳐랜드 상품권 20만원권 (품절)', 200000, 5000, 'fixed', 'https://placehold.co/400x400/1a4fbd/ffffff?text=CultureLand', '컬쳐랜드 가맹점 전국 어디서나 사용 가능한 상품권입니다.', 'inactive', 0);

-- ============================================================
-- 테스트 핀 번호 (암호화 대체: 테스트용 더미 값)
-- 실제 운영 환경에서는 AES-256-GCM 암호화된 값이 저장됨
-- ============================================================
INSERT INTO pins (id, product_id, pin_number_encrypted, status, registration_method, assigned_at, consumed_at) VALUES
  ('d0000000-0000-0000-0000-000000000001', 'b0000000-0000-0000-0000-000000000001', 'enc:CL-1234-5678-9012', 'waiting', 'manual', NULL, NULL),
  ('d0000000-0000-0000-0000-000000000002', 'b0000000-0000-0000-0000-000000000001', 'enc:CL-2345-6789-0123', 'waiting', 'manual', NULL, NULL),
  ('d0000000-0000-0000-0000-000000000003', 'b0000000-0000-0000-0000-000000000001', 'enc:CL-3456-7890-1234', 'waiting', 'manual', NULL, NULL),
  ('d0000000-0000-0000-0000-000000000004', 'b0000000-0000-0000-0000-000000000002', 'enc:CL-4567-8901-2345', 'waiting', 'csv', NULL, NULL),
  ('d0000000-0000-0000-0000-000000000005', 'b0000000-0000-0000-0000-000000000002', 'enc:CL-5678-9012-3456', 'waiting', 'csv', NULL, NULL),
  ('d0000000-0000-0000-0000-000000000006', 'b0000000-0000-0000-0000-000000000003', 'enc:CL-6789-0123-4567', 'waiting', 'manual', NULL, NULL),
  ('d0000000-0000-0000-0000-000000000007', 'b0000000-0000-0000-0000-000000000003', 'enc:CL-7890-1234-5678', 'waiting', 'manual', NULL, NULL),
  ('d0000000-0000-0000-0000-000000000008', 'b0000000-0000-0000-0000-000000000004', 'enc:GG-8901-2345-6789', 'waiting', 'manual', NULL, NULL),
  ('d0000000-0000-0000-0000-000000000009', 'b0000000-0000-0000-0000-000000000005', 'enc:GG-9012-3456-7890', 'waiting', 'csv', NULL, NULL),
  ('d0000000-0000-0000-0000-000000000010', 'b0000000-0000-0000-0000-000000000005', 'enc:GG-0123-4567-8901', 'waiting', 'csv', NULL, NULL),
  ('d0000000-0000-0000-0000-000000000011', 'b0000000-0000-0000-0000-000000000006', 'enc:GG-1234-5678-9012', 'waiting', 'manual', NULL, NULL),
  ('d0000000-0000-0000-0000-000000000012', 'b0000000-0000-0000-0000-000000000007', 'enc:NX-2345-6789-0123', 'waiting', 'manual', NULL, NULL),
  ('d0000000-0000-0000-0000-000000000013', 'b0000000-0000-0000-0000-000000000007', 'enc:NX-3456-7890-1234', 'waiting', 'csv', NULL, NULL),
  ('d0000000-0000-0000-0000-000000000014', 'b0000000-0000-0000-0000-000000000010', 'enc:BK-4567-8901-2345', 'waiting', 'manual', NULL, NULL),
  ('d0000000-0000-0000-0000-000000000015', 'b0000000-0000-0000-0000-000000000013', 'enc:LT-5678-9012-3456', 'waiting', 'manual', NULL, NULL);
